sequence,dG,eminus,eplus,avg_hit_count
CTAGGATATGGTTCATAGGGGGGAACCCCTATGAACCTAAGTCCTAG,-12.0374170384,0.0909638847227,0.0824877168483,7118
CTAGGATATGGTCACATGAGGGGAACCTCATGTGACCTAAGTCCTAG,-11.8371902691,0.0728213017775,0.0959968028505,5074
CTAGGATATGGATTTAGAGGGGGAACCCTCTAAATCCTAAGTCCTAG,-11.7530532674,0.0741970380309,0.0960292048612,4028
CTAGGATATGGTTACTATGGGGGAACCCATAGTAACCTAAGTCCTAG,-11.7099715089,0.0809181003114,0.0754071819031,4753
CTAGGATATGGTTATGTAAGGGGAACCTTACATAACCTAAGTCCTAG,-11.6761507166,0.0833049463033,0.0664152350489,3866
CTAGGATATGGTTCTATAGCGGGAACGCTATAGAACCTAAGTCCTAG,-11.6633068063,0.0911830842353,0.0928845306392,6610
CTAGGATATGGTCTATAGACGGGAACGTCTATAGACCTAAGTCCTAG,-11.6187147497,0.0882403721379,0.0976552019817,6390
CTAGGATATGGTTTATTAAGGGGAACCTTAATAAACCTAAGTCCTAG,-11.5978448296,0.059363615793,0.0560370276834,4996
CTAGGATATGGTCCTAAACGGGGAACCGTTTAGGACCTAAGTCCTAG,-11.5751863197,0.0663265548977,0.0791550902064,4998
CTAGGATATGGCGTATAGAGGGGAACCTCTATACGCCTAAGTCCTAG,-11.568867456,0.054170701771,0.0529950864652,5532
CTAGGATATGGTTCTAAATGGGGAACCATTTAGAACCTAAGTCCTAG,-11.5542133853,0.0521779756087,0.0682383375545,4484
CTAGGATATGGCCTGTTAAGGGGAACCTTAACAGGCCTAAGTCCTAG,-11.5480627328,0.0745993285489,0.0847833683058,4140
CTAGGATATGGAGTCACTGGGGGAACCCAGTGACTCCTAAGTCCTAG,-11.5373021521,0.0812806855218,0.0885210740599,2745
CTAGGATATGGTGCCCTATGGGGAACCATAGGGCACCTAAGTCCTAG,-11.5247123795,0.0866603736372,0.0667136469509,2448
CTAGGATATGGTATTCATAGGGGAACCTATGAATACCTAAGTCCTAG,-11.5073930309,0.0759076325592,0.08493184624,2406
CTAGGATATGGTTCTATTGCGGGAACGCAATAGAACCTAAGTCCTAG,-11.4907935961,0.0456004551078,0.0562099493941,5217
CTAGGATATGGTCAATGCAGGGGAACCTGCATTGACCTAAGTCCTAG,-11.4745642725,0.0553802973146,0.0480819914825,3847
CTAGGATATGGTTCTTCTTGGGGAACCAAGAAGAACCTAAGTCCTAG,-11.4613278176,0.0312712063629,0.058219955999,2210
CTAGGATATGGCTATAAGCGGGGAACCGCTTATAGCCTAAGTCCTAG,-11.4526963998,0.0943352080214,0.0946375714511,3928
CTAGGATATGGAATACATAGGGGAACCTATGTATTCCTAAGTCCTAG,-11.4440975598,0.0362396366939,0.035459527077,3521
CTAGGATATGGTTCACATCGGGGAACCGATGTGAACCTAAGTCCTAG,-11.4370384707,0.0917374600739,0.0734438859589,3939
CTAGGATATGGTATGCATAGGGGAACCTATGCATACCTAAGTCCTAG,-11.4317408397,0.0624390463783,0.0493133865996,2146
CTAGGATATGGTCATATATCGGGAACGATATATGACCTAAGTCCTAG,-11.4164483199,0.0481314968865,0.0614288278571,5506
CTAGGATATGGTTCAATTAGGGGAACCTAATTGAACCTAAGTCCTAG,-11.4070885688,0.0613681752431,0.0732392592733,3730
CTAGGATATGGTGGCTTCAGGGGAACCTGAAGCCACCTAAGTCCTAG,-11.4027123002,0.0567951117499,0.0881932421627,1005
CTAGGATATGGTAGAGAAAGGGGAACCTTTCTCTACCTAAGTCCTAG,-11.3908031118,0.0971379204609,0.0953633715383,1060
CTAGGATATGGTTTGTCACGGGGAACCGTGACAAACCTAAGTCCTAG,-11.3738675025,0.0610671722563,0.0686417983733,2758
CTAGGATATGGATATCCACGGGGAACCGTGGATATCCTAAGTCCTAG,-11.3645631794,0.048287138751,0.051565189418,1906
CTAGGATATGGCATCTAGTGGGGAACCACTAGATGCCTAAGTCCTAG,-11.3391365387,0.0962529852586,0.0825696534562,3323
CTAGGATATGGCGTATACAGGGGAACCTGTATACGCCTAAGTCCTAG,-11.3308394935,0.062809103462,0.0586195920874,5151
CTAGGATATGGCTTTATTTGGGGAACCAAATAAAGCCTAAGTCCTAG,-11.3200826961,0.0536910952435,0.0540756088744,4316
CTAGGATATGGCTTTATCTGGGGAACCAGATAAAGCCTAAGTCCTAG,-11.3021905897,0.0486809653696,0.0796258640274,4349
CTAGGATATGGTAGACTTGGGGGAACCCAAGTCTACCTAAGTCCTAG,-11.2937851247,0.0584100969878,0.0583939726847,1011
CTAGGATATGGATAGCGCAGGGGAACCTGCGCTATCCTAAGTCCTAG,-11.2878288568,0.0656871168572,0.0365053245302,1433
CTAGGATATGGCAATATCAGGGGAACCTGATATTGCCTAAGTCCTAG,-11.2793830322,0.0815552815762,0.0933364691196,3708
CTAGGATATGGAACATTACGGGGAACCGTAATGTTCCTAAGTCCTAG,-11.2387489359,0.0569972881985,0.072235592804,3584
CTAGGATATGGTACCAATTGGGGAACCAATTGGTACCTAAGTCCTAG,-11.2290708389,0.0516003710616,0.0579573304028,2308
CTAGGATATGGGAAAAGTGGGGGAACCCACTTTTCCCTAAGTCCTAG,-11.224137821,0.0471310508754,0.0588955633359,1336
CTAGGATATGGTACCAACTGGGGAACCAGTTGGTACCTAAGTCCTAG,-11.2127069186,0.0940598882072,0.0860401006577,1964
CTAGGATATGGCTACATACGGGGAACCGTATGTAGCCTAAGTCCTAG,-11.1997477123,0.0726566723952,0.0787359002524,4539
CTAGGATATGGATTTGTTAGGGGAACCTAACAAATCCTAAGTCCTAG,-11.1919625577,0.0681202280269,0.0931951136726,2195
CTAGGATATGGCATCTCATGGGGAACCATGAGATGCCTAAGTCCTAG,-11.1795608763,0.0670937729921,0.0657889148049,2125
CTAGGATATGGCCTAAATCGGGGAACCGATTTAGGCCTAAGTCCTAG,-11.1760550602,0.0619091901881,0.0717265734467,3819
CTAGGATATGGAATTACATGGGGAACCATGTAATTCCTAAGTCCTAG,-11.1731346651,0.0691750029607,0.0765484171726,3552
CTAGGATATGGATCGTTACGGGGAACCGTAACGATCCTAAGTCCTAG,-11.1607736383,0.09736434733,0.061372340649,2405
CTAGGATATGGTACATCCTGGGGAACCAGGATGTACCTAAGTCCTAG,-11.1489578774,0.0856955953509,0.0862263879758,1707
CTAGGATATGGATATTCGTGGGGAACCACGAATATCCTAAGTCCTAG,-11.1369942497,0.0697049975397,0.0860921701655,1792
CTAGGATATGGACGATTTAGGGGAACCTAAATCGTCCTAAGTCCTAG,-11.1278680328,0.0680349903126,0.0929090456657,1729
CTAGGATATGGAGACGTTGTGGGAACACAACGTCTCCTAAGTCCTAG,-11.115025246,0.0751563677698,0.0630306054639,1169
CTAGGATATGGATAATGTCGGGGAACCGACATTATCCTAAGTCCTAG,-11.1052320769,0.0699096257022,0.0746903109784,2023
CTAGGATATGGCTAGATGTGGGGAACCACATCTAGCCTAAGTCCTAG,-11.0968014518,0.0845118462831,0.08911889685,2605
CTAGGATATGGAGATCTTTGGGGAACCAAAGATCTCCTAAGTCCTAG,-11.0904737602,0.0964568983128,0.07627339955,1183
CTAGGATATGGTAAACGATGGGGAACCATCGTTTACCTAAGTCCTAG,-11.0849190906,0.0929165727044,0.06972026759,1542
CTAGGATATGGTAAGTCGTGGGGAACCACGACTTACCTAAGTCCTAG,-11.0675805314,0.0793583824295,0.0737787548735,1144
CTAGGATATGGATACTCCTGGGGAACCAGGAGTATCCTAAGTCCTAG,-11.0595525697,0.0828204232629,0.0626467184095,1103
CTAGGATATGGCAATCATTGGGGAACCAATGATTGCCTAAGTCCTAG,-11.0560771715,0.0946743957233,0.0839956790593,2586
CTAGGATATGGTGAACAATGGGGAACCATTGTTCACCTAAGTCCTAG,-11.052548317,0.0857489083435,0.0897400321106,1490
CTAGGATATGGGGGGAACGGGGGAACCCGTTCCCCCCTAAGTCCTAG,-11.0496024249,0.0888542719855,0.0606179804539,708
CTAGGATATGGACATTTACGGGGAACCGTAAATGTCCTAAGTCCTAG,-11.0448497429,0.0630535430714,0.048223092297,2997
CTAGGATATGGATAACCATGGGGAACCATGGTTATCCTAAGTCCTAG,-11.0337587579,0.0587585028096,0.0506768882437,1623
CTAGGATATGGTAATTCCTGGGGAACCAGGAATTACCTAAGTCCTAG,-11.0268620273,0.0480937619376,0.0501163535472,1265
CTAGGATATGGTTGTTTCTGGGGAACCAGAAACAACCTAAGTCCTAG,-11.011326726,0.0985276632593,0.0958716937378,1563
CTAGGATATGGCAAGAACAGGGGAACCTGTTCTTGCCTAAGTCCTAG,-10.9996422063,0.0716178459578,0.0885370223243,1322
CTAGGATATGGTGACCCCTAGGGAACTAGGGGTCACCTAAGTCCTAG,-10.9868176134,0.0503520670563,0.0564150236676,697
CTAGGATATGGCAAATCATGGGGAACCATGATTTGCCTAAGTCCTAG,-10.9682073499,0.0801817750652,0.0588908080848,2335
CTAGGATATGGCAATTACTGGGGAACCAGTAATTGCCTAAGTCCTAG,-10.9570083424,0.0562336022261,0.058891398574,3171
CTAGGATATGGATGTAATTGGGGAACCAATTACATCCTAAGTCCTAG,-10.9412425843,0.0978454629454,0.0850082755027,2699
CTAGGATATGGATAAAATCGGGGAACCGATTTTATCCTAAGTCCTAG,-10.9339824166,0.0731729367282,0.074314448999,1456
CTAGGATATGGATACAATTGGGGAACCAATTGTATCCTAAGTCCTAG,-10.9266989343,0.0541956342468,0.0504634308228,2167
CTAGGATATGGGGACAACTGGGGAACCAGTTGTCCCCTAAGTCCTAG,-10.9190782877,0.0590118062735,0.0744694979661,955
CTAGGATATGGTAACTTTATGGGAACATAAAGTTACCTAAGTCCTAG,-10.9101979782,0.0536739758956,0.0683809325738,940
CTAGGATATGGCTAGTGCTGGGGAACCAGCACTAGCCTAAGTCCTAG,-10.9028096002,0.0993974249418,0.0636926052066,2086
CTAGGATATGGGAGGTTTAGGGGAACCTAAACCTCCCTAAGTCCTAG,-10.8942188352,0.0667826408772,0.0944306478643,690
CTAGGATATGGTAGGAAACGGGGAACCGTTTCCTACCTAAGTCCTAG,-10.8829481401,0.0702554754398,0.0762411418245,897
CTAGGATATGGAGGACCTCAGGGAACTGAGGTCCTCCTAAGTCCTAG,-10.8725675171,0.0716208302016,0.0854091357579,601
CTAGGATATGGTGAATCTTAGGGAACTAAGATTCACCTAAGTCCTAG,-10.860117425,0.0714013266405,0.0700794653772,881
CTAGGATATGGATAACGCTGGGGAACCAGCGTTATCCTAAGTCCTAG,-10.8475395999,0.0589915682585,0.0612488852194,1394
CTAGGATATGGACAAAAACGGGGAACCGTTTTTGTCCTAAGTCCTAG,-10.8406017198,0.0689911582045,0.0679034845212,1846
CTAGGATATGGAGGCGTTCTGGGAACAGAACGCCTCCTAAGTCCTAG,-10.8257061072,0.0942674092147,0.0786101104147,770
CTAGGATATGGAAACTTTTAGGGAACTAAAAGTTTCCTAAGTCCTAG,-10.8049952074,0.0965648348533,0.0880215800337,880
CTAGGATATGGGAAGTTTAGGGGAACCTAAACTTCCCTAAGTCCTAG,-10.7940046273,0.0664992894868,0.0941683211024,822
CTAGGATATGGGGGACCATAGGGAACTATGGTCCCCCTAAGTCCTAG,-10.7893689737,0.072536005418,0.0699666322279,437
CTAGGATATGGGGAATCCTGGGGAACCAGGATTCCCCTAAGTCCTAG,-10.7806634794,0.0932765914269,0.0899909974565,745
CTAGGATATGGTAAACGCTGGGGAACCAGCGTTTACCTAAGTCCTAG,-10.7679144691,0.0840651049512,0.0745777633899,1293
CTAGGATATGGCAAAAGCTGGGGAACCAGCTTTTGCCTAAGTCCTAG,-10.7576183954,0.098761984369,0.0786492651971,1342
CTAGGATATGGGAACTTTCTGGGAACAGAAAGTTCCCTAAGTCCTAG,-10.7494622869,0.0556239301738,0.0622764389711,662
CTAGGATATGGAAAGTTCCGGGGAACCGGAACTTTCCTAAGTCCTAG,-10.7440859619,0.0904921548112,0.0750851631765,1035
CTAGGATATGGATAAATCTGGGGAACCAGATTTATCCTAAGTCCTAG,-10.7348715019,0.0804874192014,0.0748279489249,1369
CTAGGATATGGGGAAGATTGGGGAACCAATCTTCCCCTAAGTCCTAG,-10.7116860469,0.0468863094582,0.0553413205074,689
CTAGGATATGGAAGCTTCTTGGGAACAAGAAGCTTCCTAAGTCCTAG,-10.6872699827,0.0648497967349,0.0572582321272,770
CTAGGATATGGTAGACCTCTGGGAACAGAGGTCTACCTAAGTCCTAG,-10.6777673372,0.0733409091761,0.0882697328308,536
CTAGGATATGGGGAACCCCGGGGAACCGGGGTTCCCCTAAGTCCTAG,-10.6697636952,0.077382406497,0.0890697650378,599
CTAGGATATGGTAAGAGTTCGGGAACGAACTCTTACCTAAGTCCTAG,-10.6611502846,0.0718161245097,0.0760425750406,760
CTAGGATATGGAGAGCCCTAGGGAACTAGGGCTCTCCTAAGTCCTAG,-10.649340962,0.0658261539981,0.0544110737703,419
CTAGGATATGGAGGAGTTTTGGGAACAAAACTCCTCCTAAGTCCTAG,-10.6372870815,0.0846385309086,0.0736695570434,445
CTAGGATATGGCAAAATTCTGGGAACAGAATTTTGCCTAAGTCCTAG,-10.6261711239,0.0615306886092,0.0570174147805,1229
CTAGGATATGGGTAAACCTGGGGAACCAGGTTTACCCTAAGTCCTAG,-10.6093472612,0.045541489201,0.0358695647119,1201
CTAGGATATGGAAGAACTCAGGGAACTGAGTTCTTCCTAAGTCCTAG,-10.5955874288,0.0661898791858,0.0587121868581,758
CTAGGATATGGCAACGTTATGGGAACATAACGTTGCCTAAGTCCTAG,-10.5593040241,0.086740518966,0.0603445796638,1460
CTAGGATATGGAAAAGTTTAGGGAACTAAACTTTTCCTAAGTCCTAG,-10.534842437,0.0506932908241,0.0339029633219,809
CTAGGATATGGCAGAGACTGGGGAACCAGTCTCTGCCTAAGTCCTAG,-10.5237538,0.0644461060952,0.0616227439826,874
CTAGGATATGGTAAAACCCTGGGAACAGGGTTTTACCTAAGTCCTAG,-10.4919222268,0.0681552348678,0.0538346005062,787
CTAGGATATGGGAGAGACTGGGGAACCAGTCTCTCCCTAAGTCCTAG,-10.4594365995,0.069713946642,0.0532493049077,589
CTAGGATATGGAAAGTTCTTGGGAACAAGAACTTTCCTAAGTCCTAG,-10.4385997597,0.0778061650082,0.0878893661994,749
CTAGGATATGGGAGGTCTATGGGAACATAGACCTCCCTAAGTCCTAG,-10.4084822823,0.0738462856576,0.0661464806514,457
CTAGGATATGGGGAAGTTCTGGGAACAGAACTTCCCCTAAGTCCTAG,-10.3579455486,0.0739264602146,0.0873360949267,367
