fseq,fss,cseq,css,dG
CUAGGAAUCUGGAAGACCGAGGAAACUCGGUCUUCCUGUGUCCUAG,((((((..(.(((((((((((....))))))))))).)..)))))),CUAGGAUAUGGUCUUGUUCGGGAACGAACAAGACCUAAGUCCUAG,(((((((..(((((((((((....)))))))))))...))))))),-10.009773678
CUAGGAAUCUGGAAGACCGAGGAAACUCGGUCUUCCUGUGUCCUAG,((((((..(.(((((((((((....))))))))))).)..)))))),CUAGGAUAUGGUCAUGUUCGGGAACGAACAUGACCUAAGUCCUAG,(((((((..(((((((((((....)))))))))))...))))))),-9.77991899311
CUAGGAAUCUGGAAGACCGAGGAAACUCGGUCUUCCUGUGUCCUAG,((((((..(.(((((((((((....))))))))))).)..)))))),CUAGGAUAUGGUCCUGUUCGGGAACGAACAGGACCUAAGUCCUAG,(((((((..(((((((((((....)))))))))))...))))))),-9.7853993164
CUAGGAAUCUGGAAGACCGAGGAAACUCGGUCUUCCUGUGUCCUAG,((((((..(.(((((((((((....))))))))))).)..)))))),CUAGGAUAUGGUCGUGUUCGGGAACGAACACGACCUAAGUCCUAG,(((((((..(((((((((((....)))))))))))...))))))),-9.95545263345
CUAGGAAUCUGGAAGACCGAGGAAACUCGGUCUUCCUGUGUCCUAG,((((((..(.(((((((((((....))))))))))).)..)))))),CUAGGAUAUGGUCUAGUUCGGGAACGAACUAGACCUAAGUCCUAG,(((((((..(((((((((((....)))))))))))...))))))),-9.91869258261
CUAGGAAUCUGGAAGACCGAGGAAACUCGGUCUUCCUGUGUCCUAG,((((((..(.(((((((((((....))))))))))).)..)))))),CUAGGAUAUGGUCAAGUUCGGGAACGAACUUGACCUAAGUCCUAG,(((((((..(((((((((((....)))))))))))...))))))),-9.99314653289
CUAGGAAUCUGGAAGACCGAGGAAACUCGGUCUUCCUGUGUCCUAG,((((((..(.(((((((((((....))))))))))).)..)))))),CUAGGAUAUGGUCCAGUUCGGGAACGAACUGGACCUAAGUCCUAG,(((((((..(((((((((((....)))))))))))...))))))),-9.85821202148
CUAGGAAUCUGGAAGACCGAGGAAACUCGGUCUUCCUGUGUCCUAG,((((((..(.(((((((((((....))))))))))).)..)))))),CUAGGAUAUGGUCGAGUUCGGGAACGAACUCGACCUAAGUCCUAG,(((((((..(((((((((((....)))))))))))...))))))),-9.57878310175
CUAGGAAUCUGGAAGACCGAGGAAACUCGGUCUUCCUGUGUCCUAG,((((((..(.(((((((((((....))))))))))).)..)))))),CUAGGAUAUGGUCUCGUUCGGGAACGAACGAGACCUAAGUCCUAG,(((((((..(((((((((((....)))))))))))...))))))),-9.74536340824
CUAGGAAUCUGGAAGACCGAGGAAACUCGGUCUUCCUGUGUCCUAG,((((((..(.(((((((((((....))))))))))).)..)))))),CUAGGAUAUGGUCACGUUCGGGAACGAACGUGACCUAAGUCCUAG,(((((((..(((((((((((....)))))))))))...))))))),-9.95782573383
CUAGGAAUCUGGAAGACCGAGGAAACUCGGUCUUCCUGUGUCCUAG,((((((..(.(((((((((((....))))))))))).)..)))))),CUAGGAUAUGGUCCCGUUCGGGAACGAACGGGACCUAAGUCCUAG,(((((((..(((((((((((....)))))))))))...))))))),-9.63977665505
CUAGGAAUCUGGAAGACCGAGGAAACUCGGUCUUCCUGUGUCCUAG,((((((..(.(((((((((((....))))))))))).)..)))))),CUAGGAUAUGGUCUGGUUCGGGAACGAACCAGACCUAAGUCCUAG,(((((((..(((((((((((....)))))))))))...))))))),-9.60979071284
CUAGGAAUCUGGAAGACCGAGGAAACUCGGUCUUCCUGUGUCCUAG,((((((..(.(((((((((((....))))))))))).)..)))))),CUAGGAUAUGGUCAGGUUCGGGAACGAACCUGACCUAAGUCCUAG,(((((((..(((((((((((....)))))))))))...))))))),-9.3900577772
CUAGGAAUCUGGAAGACCGAGGAAACUCGGUCUUCCUGUGUCCUAG,((((((..(.(((((((((((....))))))))))).)..)))))),CUAGGAUAUGGUCGGGUUCGGGAACGAACCCGACCUAAGUCCUAG,(((((((..(((((((((((....)))))))))))...))))))),-9.24349257029
CUAGGAAUCUGGAAGACCGAGGAAACUCGGUCUUCCUGUGUCCUAG,((((((..(.(((((((((((....))))))))))).)..)))))),CUAGGAUAUGGUGUUCUUCGGGAACGAAGAACACCUAAGUCCUAG,(((((((..(((((((((((....)))))))))))...))))))),-9.90417014119
CUAGGAAUCUGGAAGACCGAGGAAACUCGGUCUUCCUGUGUCCUAG,((((((..(.(((((((((((....))))))))))).)..)))))),CUAGGAUAUGGUGAUCUUCGGGAACGAAGAUCACCUAAGUCCUAG,(((((((..(((((((((((....)))))))))))...))))))),-9.5656589285
CUAGGAAUCUGGAAGACCGAGGAAACUCGGUCUUCCUGUGUCCUAG,((((((..(.(((((((((((....))))))))))).)..)))))),CUAGGAUAUGGUGCUCUUCGGGAACGAAGAGCACCUAAGUCCUAG,(((((((..(((((((((((....)))))))))))...))))))),-9.60650764395
CUAGGAAUCUGGAAGACCGAGGAAACUCGGUCUUCCUGUGUCCUAG,((((((..(.(((((((((((....))))))))))).)..)))))),CUAGGAUAUGGUGUACUUCGGGAACGAAGUACACCUAAGUCCUAG,(((((((..(((((((((((....)))))))))))...))))))),-9.75203653839
CUAGGAAUCUGGAAGACCGAGGAAACUCGGUCUUCCUGUGUCCUAG,((((((..(.(((((((((((....))))))))))).)..)))))),CUAGGAUAUGGUGCACUUCGGGAACGAAGUGCACCUAAGUCCUAG,(((((((..(((((((((((....)))))))))))...))))))),-9.88023499027
CUAGGAAUCUGGAAGACCGAGGAAACUCGGUCUUCCUGUGUCCUAG,((((((..(.(((((((((((....))))))))))).)..)))))),CUAGGAUAUGGUGUCCUUCGGGAACGAAGGACACCUAAGUCCUAG,(((((((..(((((((((((....)))))))))))...))))))),-9.6374727056
CUAGGAAUCUGGAAGACCGAGGAAACUCGGUCUUCCUGUGUCCUAG,((((((..(.(((((((((((....))))))))))).)..)))))),CUAGGAUAUGGUGACCUUCGGGAACGAAGGUCACCUAAGUCCUAG,(((((((..(((((((((((....)))))))))))...))))))),-9.30581844566
CUAGGAAUCUGGAAGACCGAGGAAACUCGGUCUUCCUGUGUCCUAG,((((((..(.(((((((((((....))))))))))).)..)))))),CUAGGAUAUGGUGCCCUUCGGGAACGAAGGGCACCUAAGUCCUAG,(((((((..(((((((((((....)))))))))))...))))))),-8.95786018282
CUAGGAAUCUGGAAGACCGAGGAAACUCGGUCUUCCUGUGUCCUAG,((((((..(.(((((((((((....))))))))))).)..)))))),CUAGGAUAUGGUGGCCUUCGGGAACGAAGGCCACCUAAGUCCUAG,(((((((..(((((((((((....)))))))))))...))))))),-9.45015662136
CUAGGAAUCUGGAAGACCGAGGAAACUCGGUCUUCCUGUGUCCUAG,((((((..(.(((((((((((....))))))))))).)..)))))),CUAGGAUAUGGUGAGCUUCGGGAACGAAGCUCACCUAAGUCCUAG,(((((((..(((((((((((....)))))))))))...))))))),-9.45661104574
CUAGGAAUCUGGAAGACCGAGGAAACUCGGUCUUCCUGUGUCCUAG,((((((..(.(((((((((((....))))))))))).)..)))))),CUAGGAUAUGGUGCGCUUCGGGAACGAAGCGCACCUAAGUCCUAG,(((((((..(((((((((((....)))))))))))...))))))),-9.64535417946
CUAGGAAUCUGGAAGACCGAGGAAACUCGGUCUUCCUGUGUCCUAG,((((((..(.(((((((((((....))))))))))).)..)))))),CUAGGAUAUGGAUCUUGUCGGGAACGACAAGAUCCUAAGUCCUAG,(((((((..(((((((((((....)))))))))))...))))))),-10.0749013534
CUAGGAAUCUGGAAGACCGAGGAAACUCGGUCUUCCUGUGUCCUAG,((((((..(.(((((((((((....))))))))))).)..)))))),CUAGGAUAUGGAUCAUGUCGGGAACGACAUGAUCCUAAGUCCUAG,(((((((..(((((((((((....)))))))))))...))))))),-10.0165869274
CUAGGAAUCUGGAAGACCGAGGAAACUCGGUCUUCCUGUGUCCUAG,((((((..(.(((((((((((....))))))))))).)..)))))),CUAGGAUAUGGAUCCUGUCGGGAACGACAGGAUCCUAAGUCCUAG,(((((((..(((((((((((....)))))))))))...))))))),-9.55940646414
CUAGGAAUCUGGAAGACCGAGGAAACUCGGUCUUCCUGUGUCCUAG,((((((..(.(((((((((((....))))))))))).)..)))))),CUAGGAUAUGGAUCGUGUCGGGAACGACACGAUCCUAAGUCCUAG,(((((((..(((((((((((....)))))))))))...))))))),-9.78667533324
CUAGGAAUCUGGAAGACCGAGGAAACUCGGUCUUCCUGUGUCCUAG,((((((..(.(((((((((((....))))))))))).)..)))))),CUAGGAUAUGGAUCUAGUCGGGAACGACUAGAUCCUAAGUCCUAG,(((((((..(((((((((((....)))))))))))...))))))),-9.89409284983
CUAGGAAUCUGGAAGACCGAGGAAACUCGGUCUUCCUGUGUCCUAG,((((((..(.(((((((((((....))))))))))).)..)))))),CUAGGAUAUGGAUCAAGUCGGGAACGACUUGAUCCUAAGUCCUAG,(((((((..(((((((((((....)))))))))))...))))))),-10.0267198233
CUAGGAAUCUGGAAGACCGAGGAAACUCGGUCUUCCUGUGUCCUAG,((((((..(.(((((((((((....))))))))))).)..)))))),CUAGGAUAUGGAUCCAGUCGGGAACGACUGGAUCCUAAGUCCUAG,(((((((..(((((((((((....)))))))))))...))))))),-9.87949760783
CUAGGAAUCUGGAAGACCGAGGAAACUCGGUCUUCCUGUGUCCUAG,((((((..(.(((((((((((....))))))))))).)..)))))),CUAGGAUAUGGAUCGAGUCGGGAACGACUCGAUCCUAAGUCCUAG,(((((((..(((((((((((....)))))))))))...))))))),-9.40577833422
CUAGGAAUCUGGAAGACCGAGGAAACUCGGUCUUCCUGUGUCCUAG,((((((..(.(((((((((((....))))))))))).)..)))))),CUAGGAUAUGGAUCUCGUCGGGAACGACGAGAUCCUAAGUCCUAG,(((((((..(((((((((((....)))))))))))...))))))),-9.56291531801
CUAGGAAUCUGGAAGACCGAGGAAACUCGGUCUUCCUGUGUCCUAG,((((((..(.(((((((((((....))))))))))).)..)))))),CUAGGAUAUGGAUCACGUCGGGAACGACGUGAUCCUAAGUCCUAG,(((((((..(((((((((((....)))))))))))...))))))),-9.81965577432
CUAGGAAUCUGGAAGACCGAGGAAACUCGGUCUUCCUGUGUCCUAG,((((((..(.(((((((((((....))))))))))).)..)))))),CUAGGAUAUGGAUCUGGUCGGGAACGACCAGAUCCUAAGUCCUAG,(((((((..(((((((((((....)))))))))))...))))))),-9.56221205217
CUAGGAAUCUGGAAGACCGAGGAAACUCGGUCUUCCUGUGUCCUAG,((((((..(.(((((((((((....))))))))))).)..)))))),CUAGGAUAUGGAUCAGGUCGGGAACGACCUGAUCCUAAGUCCUAG,(((((((..(((((((((((....)))))))))))...))))))),-9.65423698884
CUAGGAAUCUGGAAGACCGAGGAAACUCGGUCUUCCUGUGUCCUAG,((((((..(.(((((((((((....))))))))))).)..)))))),CUAGGAUAUGGAUCCGGUCGGGAACGACCGGAUCCUAAGUCCUAG,(((((((..(((((((((((....)))))))))))...))))))),-9.80457654001
CUAGGAAUCUGGAAGACCGAGGAAACUCGGUCUUCCUGUGUCCUAG,((((((..(.(((((((((((....))))))))))).)..)))))),CUAGGAUAUGGAUGUUCUCGGGAACGAGAACAUCCUAAGUCCUAG,(((((((..(((((((((((....)))))))))))...))))))),-9.51955360531
CUAGGAAUCUGGAAGACCGAGGAAACUCGGUCUUCCUGUGUCCUAG,((((((..(.(((((((((((....))))))))))).)..)))))),CUAGGAUAUGGAUGAUCUCGGGAACGAGAUCAUCCUAAGUCCUAG,(((((((..(((((((((((....)))))))))))...))))))),-9.38839658623
CUAGGAAUCUGGAAGACCGAGGAAACUCGGUCUUCCUGUGUCCUAG,((((((..(.(((((((((((....))))))))))).)..)))))),CUAGGAUAUGGAUGCUCUCGGGAACGAGAGCAUCCUAAGUCCUAG,(((((((..(((((((((((....)))))))))))...))))))),-9.09705450738
CUAGGAAUCUGGAAGACCGAGGAAACUCGGUCUUCCUGUGUCCUAG,((((((..(.(((((((((((....))))))))))).)..)))))),CUAGGAUAUGGAUGGUCUCGGGAACGAGACCAUCCUAAGUCCUAG,(((((((..(((((((((((....)))))))))))...))))))),-8.9728146864
CUAGGAAUCUGGAAGACCGAGGAAACUCGGUCUUCCUGUGUCCUAG,((((((..(.(((((((((((....))))))))))).)..)))))),CUAGGAUAUGGAUGUACUCGGGAACGAGUACAUCCUAAGUCCUAG,(((((((..(((((((((((....)))))))))))...))))))),-9.84786009984
CUAGGAAUCUGGAAGACCGAGGAAACUCGGUCUUCCUGUGUCCUAG,((((((..(.(((((((((((....))))))))))).)..)))))),CUAGGAUAUGGAUGAACUCGGGAACGAGUUCAUCCUAAGUCCUAG,(((((((..(((((((((((....)))))))))))...))))))),-9.86638258326
CUAGGAAUCUGGAAGACCGAGGAAACUCGGUCUUCCUGUGUCCUAG,((((((..(.(((((((((((....))))))))))).)..)))))),CUAGGAUAUGGAUGCACUCGGGAACGAGUGCAUCCUAAGUCCUAG,(((((((..(((((((((((....)))))))))))...))))))),-9.93876150197
CUAGGAAUCUGGAAGACCGAGGAAACUCGGUCUUCCUGUGUCCUAG,((((((..(.(((((((((((....))))))))))).)..)))))),CUAGGAUAUGGAUGGACUCGGGAACGAGUCCAUCCUAAGUCCUAG,(((((((..(((((((((((....)))))))))))...))))))),-9.57926788021
CUAGGAAUCUGGAAGACCGAGGAAACUCGGUCUUCCUGUGUCCUAG,((((((..(.(((((((((((....))))))))))).)..)))))),CUAGGAUAUGGAUGUCCUCGGGAACGAGGACAUCCUAAGUCCUAG,(((((((..(((((((((((....)))))))))))...))))))),-9.31892706297
CUAGGAAUCUGGAAGACCGAGGAAACUCGGUCUUCCUGUGUCCUAG,((((((..(.(((((((((((....))))))))))).)..)))))),CUAGGAUAUGGAUGACCUCGGGAACGAGGUCAUCCUAAGUCCUAG,(((((((..(((((((((((....)))))))))))...))))))),-9.21418004661
CUAGGAAUCUGGAAGACCGAGGAAACUCGGUCUUCCUGUGUCCUAG,((((((..(.(((((((((((....))))))))))).)..)))))),CUAGGAUAUGGAUGCCCUCGGGAACGAGGGCAUCCUAAGUCCUAG,(((((((..(((((((((((....)))))))))))...))))))),-8.96085301024
CUAGGAAUCUGGAAGACCGAGGAAACUCGGUCUUCCUGUGUCCUAG,((((((..(.(((((((((((....))))))))))).)..)))))),CUAGGAUAUGGAUGAGCUCGGGAACGAGCUCAUCCUAAGUCCUAG,(((((((..(((((((((((....)))))))))))...))))))),-9.44598221206
CUAGGAAUCUGGAAGACCGAGGAAACUCGGUCUUCCUGUGUCCUAG,((((((..(.(((((((((((....))))))))))).)..)))))),CUAGGAUAUGGAUGCGCUCGGGAACGAGCGCAUCCUAAGUCCUAG,(((((((..(((((((((((....)))))))))))...))))))),-9.60241346216
CUAGGAAUCUGGAAGACCGAGGAAACUCGGUCUUCCUGUGUCCUAG,((((((..(.(((((((((((....))))))))))).)..)))))),CUAGGAUAUGGAUGGGCUCGGGAACGAGCCCAUCCUAAGUCCUAG,(((((((..(((((((((((....)))))))))))...))))))),-9.03246431386
CUAGGAAUCUGGAAGACCGAGGAAACUCGGUCUUCCUGUGUCCUAG,((((((..(.(((((((((((....))))))))))).)..)))))),CUAGGAUAUGGAAUCUUGUGGGAACACAAGAUUCCUAAGUCCUAG,(((((((..(((((((((((....)))))))))))...))))))),-9.94324573038
CUAGGAAUCUGGAAGACCGAGGAAACUCGGUCUUCCUGUGUCCUAG,((((((..(.(((((((((((....))))))))))).)..)))))),CUAGGAUAUGGAAUCAUGUGGGAACACAUGAUUCCUAAGUCCUAG,(((((((..(((((((((((....)))))))))))...))))))),-10.0694776881
CUAGGAAUCUGGAAGACCGAGGAAACUCGGUCUUCCUGUGUCCUAG,((((((..(.(((((((((((....))))))))))).)..)))))),CUAGGAUAUGGAAUCCUGUGGGAACACAGGAUUCCUAAGUCCUAG,(((((((..(((((((((((....)))))))))))...))))))),-9.90503722863
CUAGGAAUCUGGAAGACCGAGGAAACUCGGUCUUCCUGUGUCCUAG,((((((..(.(((((((((((....))))))))))).)..)))))),CUAGGAUAUGGAAUCGUGUGGGAACACACGAUUCCUAAGUCCUAG,(((((((..(((((((((((....)))))))))))...))))))),-9.85306562658
CUAGGAAUCUGGAAGACCGAGGAAACUCGGUCUUCCUGUGUCCUAG,((((((..(.(((((((((((....))))))))))).)..)))))),CUAGGAUAUGGAAUCUAGUGGGAACACUAGAUUCCUAAGUCCUAG,(((((((..(((((((((((....)))))))))))...))))))),-10.0469207097
CUAGGAAUCUGGAAGACCGAGGAAACUCGGUCUUCCUGUGUCCUAG,((((((..(.(((((((((((....))))))))))).)..)))))),CUAGGAUAUGGAAUCAAGUGGGAACACUUGAUUCCUAAGUCCUAG,(((((((..(((((((((((....)))))))))))...))))))),-10.3802683397
CUAGGAAUCUGGAAGACCGAGGAAACUCGGUCUUCCUGUGUCCUAG,((((((..(.(((((((((((....))))))))))).)..)))))),CUAGGAUAUGGAAUCCAGUGGGAACACUGGAUUCCUAAGUCCUAG,(((((((..(((((((((((....)))))))))))...))))))),-10.309267221
CUAGGAAUCUGGAAGACCGAGGAAACUCGGUCUUCCUGUGUCCUAG,((((((..(.(((((((((((....))))))))))).)..)))))),CUAGGAUAUGGAAUCGAGUGGGAACACUCGAUUCCUAAGUCCUAG,(((((((..(((((((((((....)))))))))))...))))))),-9.90384610307
CUAGGAAUCUGGAAGACCGAGGAAACUCGGUCUUCCUGUGUCCUAG,((((((..(.(((((((((((....))))))))))).)..)))))),CUAGGAUAUGGAAUCUCGUGGGAACACGAGAUUCCUAAGUCCUAG,(((((((..(((((((((((....)))))))))))...))))))),-9.69796489396
CUAGGAAUCUGGAAGACCGAGGAAACUCGGUCUUCCUGUGUCCUAG,((((((..(.(((((((((((....))))))))))).)..)))))),CUAGGAUAUGGAAUCACGUGGGAACACGUGAUUCCUAAGUCCUAG,(((((((..(((((((((((....)))))))))))...))))))),-10.1077501336
CUAGGAAUCUGGAAGACCGAGGAAACUCGGUCUUCCUGUGUCCUAG,((((((..(.(((((((((((....))))))))))).)..)))))),CUAGGAUAUGGAAUCCCGUGGGAACACGGGAUUCCUAAGUCCUAG,(((((((..(((((((((((....)))))))))))...))))))),-9.38283540474
CUAGGAAUCUGGAAGACCGAGGAAACUCGGUCUUCCUGUGUCCUAG,((((((..(.(((((((((((....))))))))))).)..)))))),CUAGGAUAUGGAAUCGCGUGGGAACACGCGAUUCCUAAGUCCUAG,(((((((..(((((((((((....)))))))))))...))))))),-9.45337272192
CUAGGAAUCUGGAAGACCGAGGAAACUCGGUCUUCCUGUGUCCUAG,((((((..(.(((((((((((....))))))))))).)..)))))),CUAGGAUAUGGAAUCUGGUGGGAACACCAGAUUCCUAAGUCCUAG,(((((((..(((((((((((....)))))))))))...))))))),-9.9153586552
CUAGGAAUCUGGAAGACCGAGGAAACUCGGUCUUCCUGUGUCCUAG,((((((..(.(((((((((((....))))))))))).)..)))))),CUAGGAUAUGGAAUCAGGUGGGAACACCUGAUUCCUAAGUCCUAG,(((((((..(((((((((((....)))))))))))...))))))),-10.141459551
CUAGGAAUCUGGAAGACCGAGGAAACUCGGUCUUCCUGUGUCCUAG,((((((..(.(((((((((((....))))))))))).)..)))))),CUAGGAUAUGGAAUCGGGUGGGAACACCCGAUUCCUAAGUCCUAG,(((((((..(((((((((((....)))))))))))...))))))),-9.79315027975
CUAGGAAUCUGGAAGACCGAGGAAACUCGGUCUUCCUGUGUCCUAG,((((((..(.(((((((((((....))))))))))).)..)))))),CUAGGAUAUGGAAUGUUCUGGGAACAGAACAUUCCUAAGUCCUAG,(((((((..(((((((((((....)))))))))))...))))))),-9.83316407067
CUAGGAAUCUGGAAGACCGAGGAAACUCGGUCUUCCUGUGUCCUAG,((((((..(.(((((((((((....))))))))))).)..)))))),CUAGGAUAUGGAAUGAUCUGGGAACAGAUCAUUCCUAAGUCCUAG,(((((((..(((((((((((....)))))))))))...))))))),-9.6213073384
CUAGGAAUCUGGAAGACCGAGGAAACUCGGUCUUCCUGUGUCCUAG,((((((..(.(((((((((((....))))))))))).)..)))))),CUAGGAUAUGGAAUGCUCUGGGAACAGAGCAUUCCUAAGUCCUAG,(((((((..(((((((((((....)))))))))))...))))))),-9.5022896247
CUAGGAAUCUGGAAGACCGAGGAAACUCGGUCUUCCUGUGUCCUAG,((((((..(.(((((((((((....))))))))))).)..)))))),CUAGGAUAUGGAAUGGUCUGGGAACAGACCAUUCCUAAGUCCUAG,(((((((..(((((((((((....)))))))))))...))))))),-9.36866295635
CUAGGAAUCUGGAAGACCGAGGAAACUCGGUCUUCCUGUGUCCUAG,((((((..(.(((((((((((....))))))))))).)..)))))),CUAGGAUAUGGAAUGUACUGGGAACAGUACAUUCCUAAGUCCUAG,(((((((..(((((((((((....)))))))))))...))))))),-9.89126252822
CUAGGAAUCUGGAAGACCGAGGAAACUCGGUCUUCCUGUGUCCUAG,((((((..(.(((((((((((....))))))))))).)..)))))),CUAGGAUAUGGAAUGAACUGGGAACAGUUCAUUCCUAAGUCCUAG,(((((((..(((((((((((....)))))))))))...))))))),-10.1555551879
CUAGGAAUCUGGAAGACCGAGGAAACUCGGUCUUCCUGUGUCCUAG,((((((..(.(((((((((((....))))))))))).)..)))))),CUAGGAUAUGGAAUGCACUGGGAACAGUGCAUUCCUAAGUCCUAG,(((((((..(((((((((((....)))))))))))...))))))),-10.1349180209
CUAGGAAUCUGGAAGACCGAGGAAACUCGGUCUUCCUGUGUCCUAG,((((((..(.(((((((((((....))))))))))).)..)))))),CUAGGAUAUGGAAUGGACUGGGAACAGUCCAUUCCUAAGUCCUAG,(((((((..(((((((((((....)))))))))))...))))))),-9.90403346357
CUAGGAAUCUGGAAGACCGAGGAAACUCGGUCUUCCUGUGUCCUAG,((((((..(.(((((((((((....))))))))))).)..)))))),CUAGGAUAUGGAAUGUCCUGGGAACAGGACAUUCCUAAGUCCUAG,(((((((..(((((((((((....)))))))))))...))))))),-9.30751825785
CUAGGAAUCUGGAAGACCGAGGAAACUCGGUCUUCCUGUGUCCUAG,((((((..(.(((((((((((....))))))))))).)..)))))),CUAGGAUAUGGAAUGACCUGGGAACAGGUCAUUCCUAAGUCCUAG,(((((((..(((((((((((....)))))))))))...))))))),-9.48108098399
CUAGGAAUCUGGAAGACCGAGGAAACUCGGUCUUCCUGUGUCCUAG,((((((..(.(((((((((((....))))))))))).)..)))))),CUAGGAUAUGGAAUGCCCUGGGAACAGGGCAUUCCUAAGUCCUAG,(((((((..(((((((((((....)))))))))))...))))))),-9.13516213932
CUAGGAAUCUGGAAGACCGAGGAAACUCGGUCUUCCUGUGUCCUAG,((((((..(.(((((((((((....))))))))))).)..)))))),CUAGGAUAUGGAAUGGCCUGGGAACAGGCCAUUCCUAAGUCCUAG,(((((((..(((((((((((....)))))))))))...))))))),-9.40614542705
CUAGGAAUCUGGAAGACCGAGGAAACUCGGUCUUCCUGUGUCCUAG,((((((..(.(((((((((((....))))))))))).)..)))))),CUAGGAUAUGGAAUGAGCUGGGAACAGCUCAUUCCUAAGUCCUAG,(((((((..(((((((((((....)))))))))))...))))))),-9.8432328034
CUAGGAAUCUGGAAGACCGAGGAAACUCGGUCUUCCUGUGUCCUAG,((((((..(.(((((((((((....))))))))))).)..)))))),CUAGGAUAUGGAAUGCGCUGGGAACAGCGCAUUCCUAAGUCCUAG,(((((((..(((((((((((....)))))))))))...))))))),-9.94643868583
CUAGGAAUCUGGAAGACCGAGGAAACUCGGUCUUCCUGUGUCCUAG,((((((..(.(((((((((((....))))))))))).)..)))))),CUAGGAUAUGGAAUGGGCUGGGAACAGCCCAUUCCUAAGUCCUAG,(((((((..(((((((((((....)))))))))))...))))))),-9.29478751553
CUAGGAAUCUGGAAGACCGAGGAAACUCGGUCUUCCUGUGUCCUAG,((((((..(.(((((((((((....))))))))))).)..)))))),CUAGGAUAUGGAUCUUGUUCGGGAACGAACAAGAUCCUAAGUCCUAG,(((((((..((((((((((((....))))))))))))...))))))),-9.47402280753
CUAGGAAUCUGGAAGACCGAGGAAACUCGGUCUUCCUGUGUCCUAG,((((((..(.(((((((((((....))))))))))).)..)))))),CUAGGAUAUGGAUCAUGUUCGGGAACGAACAUGAUCCUAAGUCCUAG,(((((((..((((((((((((....))))))))))))...))))))),-9.11352749864
CUAGGAAUCUGGAAGACCGAGGAAACUCGGUCUUCCUGUGUCCUAG,((((((..(.(((((((((((....))))))))))).)..)))))),CUAGGAUAUGGAUCCUGUUCGGGAACGAACAGGAUCCUAAGUCCUAG,(((((((..((((((((((((....))))))))))))...))))))),-9.23565900569
CUAGGAAUCUGGAAGACCGAGGAAACUCGGUCUUCCUGUGUCCUAG,((((((..(.(((((((((((....))))))))))).)..)))))),CUAGGAUAUGGAUCUAGUUCGGGAACGAACUAGAUCCUAAGUCCUAG,(((((((..((((((((((((....))))))))))))...))))))),-9.10706808549
CUAGGAAUCUGGAAGACCGAGGAAACUCGGUCUUCCUGUGUCCUAG,((((((..(.(((((((((((....))))))))))).)..)))))),CUAGGAUAUGGAUCAAGUUCGGGAACGAACUUGAUCCUAAGUCCUAG,(((((((..((((((((((((....))))))))))))...))))))),-9.08588225612
CUAGGAAUCUGGAAGACCGAGGAAACUCGGUCUUCCUGUGUCCUAG,((((((..(.(((((((((((....))))))))))).)..)))))),CUAGGAUAUGGAUCCAGUUCGGGAACGAACUGGAUCCUAAGUCCUAG,(((((((..((((((((((((....))))))))))))...))))))),-9.32821561049
CUAGGAAUCUGGAAGACCGAGGAAACUCGGUCUUCCUGUGUCCUAG,((((((..(.(((((((((((....))))))))))).)..)))))),CUAGGAUAUGGAUCGAGUUCGGGAACGAACUCGAUCCUAAGUCCUAG,(((((((..((((((((((((....))))))))))))...))))))),-9.05047996763
CUAGGAAUCUGGAAGACCGAGGAAACUCGGUCUUCCUGUGUCCUAG,((((((..(.(((((((((((....))))))))))).)..)))))),CUAGGAUAUGGAUCUCGUUCGGGAACGAACGAGAUCCUAAGUCCUAG,(((((((..((((((((((((....))))))))))))...))))))),-9.505361897
CUAGGAAUCUGGAAGACCGAGGAAACUCGGUCUUCCUGUGUCCUAG,((((((..(.(((((((((((....))))))))))).)..)))))),CUAGGAUAUGGAUCACGUUCGGGAACGAACGUGAUCCUAAGUCCUAG,(((((((..((((((((((((....))))))))))))...))))))),-9.04111712388
CUAGGAAUCUGGAAGACCGAGGAAACUCGGUCUUCCUGUGUCCUAG,((((((..(.(((((((((((....))))))))))).)..)))))),CUAGGAUAUGGAUCUGGUUCGGGAACGAACCAGAUCCUAAGUCCUAG,(((((((..((((((((((((....))))))))))))...))))))),-9.38792902702
CUAGGAAUCUGGAAGACCGAGGAAACUCGGUCUUCCUGUGUCCUAG,((((((..(.(((((((((((....))))))))))).)..)))))),CUAGGAUAUGGAUCAGGUUCGGGAACGAACCUGAUCCUAAGUCCUAG,(((((((..((((((((((((....))))))))))))...))))))),-9.04138204147
CUAGGAAUCUGGAAGACCGAGGAAACUCGGUCUUCCUGUGUCCUAG,((((((..(.(((((((((((....))))))))))).)..)))))),CUAGGAUAUGGAUCCGGUUCGGGAACGAACCGGAUCCUAAGUCCUAG,(((((((..((((((((((((....))))))))))))...))))))),-9.44046106357
CUAGGAAUCUGGAAGACCGAGGAAACUCGGUCUUCCUGUGUCCUAG,((((((..(.(((((((((((....))))))))))).)..)))))),CUAGGAUAUGGAUCGGGUUCGGGAACGAACCCGAUCCUAAGUCCUAG,(((((((..((((((((((((....))))))))))))...))))))),-9.15646645706
CUAGGAAUCUGGAAGACCGAGGAAACUCGGUCUUCCUGUGUCCUAG,((((((..(.(((((((((((....))))))))))).)..)))))),CUAGGAUAUGGAUGAUCUUCGGGAACGAAGAUCAUCCUAAGUCCUAG,(((((((..((((((((((((....))))))))))))...))))))),-8.70238935677
CUAGGAAUCUGGAAGACCGAGGAAACUCGGUCUUCCUGUGUCCUAG,((((((..(.(((((((((((....))))))))))).)..)))))),CUAGGAUAUGGAUGCUCUUCGGGAACGAAGAGCAUCCUAAGUCCUAG,(((((((..((((((((((((....))))))))))))...))))))),-8.63429785684
CUAGGAAUCUGGAAGACCGAGGAAACUCGGUCUUCCUGUGUCCUAG,((((((..(.(((((((((((....))))))))))).)..)))))),CUAGGAUAUGGAUGGUCUUCGGGAACGAAGACCAUCCUAAGUCCUAG,(((((((..((((((((((((....))))))))))))...))))))),-8.53111361374
CUAGGAAUCUGGAAGACCGAGGAAACUCGGUCUUCCUGUGUCCUAG,((((((..(.(((((((((((....))))))))))).)..)))))),CUAGGAUAUGGAUGUACUUCGGGAACGAAGUACAUCCUAAGUCCUAG,(((((((..((((((((((((....))))))))))))...))))))),-8.7162017999
CUAGGAAUCUGGAAGACCGAGGAAACUCGGUCUUCCUGUGUCCUAG,((((((..(.(((((((((((....))))))))))).)..)))))),CUAGGAUAUGGAUGAACUUCGGGAACGAAGUUCAUCCUAAGUCCUAG,(((((((..((((((((((((....))))))))))))...))))))),-8.44080750983
CUAGGAAUCUGGAAGACCGAGGAAACUCGGUCUUCCUGUGUCCUAG,((((((..(.(((((((((((....))))))))))).)..)))))),CUAGGAUAUGGAUGGACUUCGGGAACGAAGUCCAUCCUAAGUCCUAG,(((((((..((((((((((((....))))))))))))...))))))),-8.0586159806
CUAGGAAUCUGGAAGACCGAGGAAACUCGGUCUUCCUGUGUCCUAG,((((((..(.(((((((((((....))))))))))).)..)))))),CUAGGAUAUGGAUGUCCUUCGGGAACGAAGGACAUCCUAAGUCCUAG,(((((((..((((((((((((....))))))))))))...))))))),-8.92834359158
CUAGGAAUCUGGAAGACCGAGGAAACUCGGUCUUCCUGUGUCCUAG,((((((..(.(((((((((((....))))))))))).)..)))))),CUAGGAUAUGGAUGGCCUUCGGGAACGAAGGCCAUCCUAAGUCCUAG,(((((((..((((((((((((....))))))))))))...))))))),-8.73572778013
CUAGGAAUCUGGAAGACCGAGGAAACUCGGUCUUCCUGUGUCCUAG,((((((..(.(((((((((((....))))))))))).)..)))))),CUAGGAUAUGGAUGUGCUUCGGGAACGAAGCACAUCCUAAGUCCUAG,(((((((..((((((((((((....))))))))))))...))))))),-8.7909066931
CUAGGAAUCUGGAAGACCGAGGAAACUCGGUCUUCCUGUGUCCUAG,((((((..(.(((((((((((....))))))))))).)..)))))),CUAGGAUAUGGAAUCUUGUCGGGAACGACAAGAUUCCUAAGUCCUAG,(((((((..((((((((((((....))))))))))))...))))))),-9.33612267159
CUAGGAAUCUGGAAGACCGAGGAAACUCGGUCUUCCUGUGUCCUAG,((((((..(.(((((((((((....))))))))))).)..)))))),CUAGGAUAUGGAAUCAUGUCGGGAACGACAUGAUUCCUAAGUCCUAG,(((((((..((((((((((((....))))))))))))...))))))),-9.21534482579
CUAGGAAUCUGGAAGACCGAGGAAACUCGGUCUUCCUGUGUCCUAG,((((((..(.(((((((((((....))))))))))).)..)))))),CUAGGAUAUGGAAUCCUGUCGGGAACGACAGGAUUCCUAAGUCCUAG,(((((((..((((((((((((....))))))))))))...))))))),-9.2414001479
CUAGGAAUCUGGAAGACCGAGGAAACUCGGUCUUCCUGUGUCCUAG,((((((..(.(((((((((((....))))))))))).)..)))))),CUAGGAUAUGGAAUCAAGUCGGGAACGACUUGAUUCCUAAGUCCUAG,(((((((..((((((((((((....))))))))))))...))))))),-9.34532594452
CUAGGAAUCUGGAAGACCGAGGAAACUCGGUCUUCCUGUGUCCUAG,((((((..(.(((((((((((....))))))))))).)..)))))),CUAGGAUAUGGAAUCCAGUCGGGAACGACUGGAUUCCUAAGUCCUAG,(((((((..((((((((((((....))))))))))))...))))))),-9.49401560671
CUAGGAAUCUGGAAGACCGAGGAAACUCGGUCUUCCUGUGUCCUAG,((((((..(.(((((((((((....))))))))))).)..)))))),CUAGGAUAUGGAAUCUCGUCGGGAACGACGAGAUUCCUAAGUCCUAG,(((((((..((((((((((((....))))))))))))...))))))),-9.15961191034
CUAGGAAUCUGGAAGACCGAGGAAACUCGGUCUUCCUGUGUCCUAG,((((((..(.(((((((((((....))))))))))).)..)))))),CUAGGAUAUGGAAUCUGGUCGGGAACGACCAGAUUCCUAAGUCCUAG,(((((((..((((((((((((....))))))))))))...))))))),-9.52167671168
CUAGGAAUCUGGAAGACCGAGGAAACUCGGUCUUCCUGUGUCCUAG,((((((..(.(((((((((((....))))))))))).)..)))))),CUAGGAUAUGGAAUCAGGUCGGGAACGACCUGAUUCCUAAGUCCUAG,(((((((..((((((((((((....))))))))))))...))))))),-9.27115959515
CUAGGAAUCUGGAAGACCGAGGAAACUCGGUCUUCCUGUGUCCUAG,((((((..(.(((((((((((....))))))))))).)..)))))),CUAGGAUAUGGAAUGUUCUCGGGAACGAGAACAUUCCUAAGUCCUAG,(((((((..((((((((((((....))))))))))))...))))))),-8.3887523843
CUAGGAAUCUGGAAGACCGAGGAAACUCGGUCUUCCUGUGUCCUAG,((((((..(.(((((((((((....))))))))))).)..)))))),CUAGGAUAUGGAAUGAUCUCGGGAACGAGAUCAUUCCUAAGUCCUAG,(((((((..((((((((((((....))))))))))))...))))))),-8.57743441409
CUAGGAAUCUGGAAGACCGAGGAAACUCGGUCUUCCUGUGUCCUAG,((((((..(.(((((((((((....))))))))))).)..)))))),CUAGGAUAUGGAAUGCUCUCGGGAACGAGAGCAUUCCUAAGUCCUAG,(((((((..((((((((((((....))))))))))))...))))))),-8.37445326114
CUAGGAAUCUGGAAGACCGAGGAAACUCGGUCUUCCUGUGUCCUAG,((((((..(.(((((((((((....))))))))))).)..)))))),CUAGGAUAUGGAAUGGUCUCGGGAACGAGACCAUUCCUAAGUCCUAG,(((((((..((((((((((((....))))))))))))...))))))),-8.68993940816
CUAGGAAUCUGGAAGACCGAGGAAACUCGGUCUUCCUGUGUCCUAG,((((((..(.(((((((((((....))))))))))).)..)))))),CUAGGAUAUGGAAUGUACUCGGGAACGAGUACAUUCCUAAGUCCUAG,(((((((..((((((((((((....))))))))))))...))))))),-8.93255829762
CUAGGAAUCUGGAAGACCGAGGAAACUCGGUCUUCCUGUGUCCUAG,((((((..(.(((((((((((....))))))))))).)..)))))),CUAGGAUAUGGAAUGAACUCGGGAACGAGUUCAUUCCUAAGUCCUAG,(((((((..((((((((((((....))))))))))))...))))))),-8.53115884482
CUAGGAAUCUGGAAGACCGAGGAAACUCGGUCUUCCUGUGUCCUAG,((((((..(.(((((((((((....))))))))))).)..)))))),CUAGGAUAUGGAAUGCACUCGGGAACGAGUGCAUUCCUAAGUCCUAG,(((((((..((((((((((((....))))))))))))...))))))),-9.03746242526
CUAGGAAUCUGGAAGACCGAGGAAACUCGGUCUUCCUGUGUCCUAG,((((((..(.(((((((((((....))))))))))).)..)))))),CUAGGAUAUGGAAUGGACUCGGGAACGAGUCCAUUCCUAAGUCCUAG,(((((((..((((((((((((....))))))))))))...))))))),-8.8892257465
CUAGGAAUCUGGAAGACCGAGGAAACUCGGUCUUCCUGUGUCCUAG,((((((..(.(((((((((((....))))))))))).)..)))))),CUAGGAUAUGGAAUGUCCUCGGGAACGAGGACAUUCCUAAGUCCUAG,(((((((..((((((((((((....))))))))))))...))))))),-8.77450610799
CUAGGAAUCUGGAAGACCGAGGAAACUCGGUCUUCCUGUGUCCUAG,((((((..(.(((((((((((....))))))))))).)..)))))),CUAGGAUAUGGAAUGACCUCGGGAACGAGGUCAUUCCUAAGUCCUAG,(((((((..((((((((((((....))))))))))))...))))))),-8.9094127658
CUAGGAAUCUGGAAGACCGAGGAAACUCGGUCUUCCUGUGUCCUAG,((((((..(.(((((((((((....))))))))))).)..)))))),CUAGGAUAUGGAAUGGCCUCGGGAACGAGGCCAUUCCUAAGUCCUAG,(((((((..((((((((((((....))))))))))))...))))))),-8.66394735769
CUAGGAAUCUGGAAGACCGAGGAAACUCGGUCUUCCUGUGUCCUAG,((((((..(.(((((((((((....))))))))))).)..)))))),CUAGGAUAUGGAAUGUGCUCGGGAACGAGCACAUUCCUAAGUCCUAG,(((((((..((((((((((((....))))))))))))...))))))),-9.0465879733
CUAGGAAUCUGGAAGACCGAGGAAACUCGGUCUUCCUGUGUCCUAG,((((((..(.(((((((((((....))))))))))).)..)))))),CUAGGAUAUGGAAUGAGCUCGGGAACGAGCUCAUUCCUAAGUCCUAG,(((((((..((((((((((((....))))))))))))...))))))),-8.77583367767
CUAGGAAUCUGGAAGACCGAGGAAACUCGGUCUUCCUGUGUCCUAG,((((((..(.(((((((((((....))))))))))).)..)))))),CUAGGAUAUGGAAUGGGCUCGGGAACGAGCCCAUUCCUAAGUCCUAG,(((((((..((((((((((((....))))))))))))...))))))),-8.91127564286
CUAGGAAUCUGGAAGACCGAGGAAACUCGGUCUUCCUGUGUCCUAG,((((((..(.(((((((((((....))))))))))).)..)))))),CUAGGAUAUGGAAGUCUUGUGGGAACACAAGACUUCCUAAGUCCUAG,(((((((..((((((((((((....))))))))))))...))))))),-8.33542788761
CUAGGAAUCUGGAAGACCGAGGAAACUCGGUCUUCCUGUGUCCUAG,((((((..(.(((((((((((....))))))))))).)..)))))),CUAGGAUAUGGAAGUCAUGUGGGAACACAUGACUUCCUAAGUCCUAG,(((((((..((((((((((((....))))))))))))...))))))),-8.81249620297
CUAGGAAUCUGGAAGACCGAGGAAACUCGGUCUUCCUGUGUCCUAG,((((((..(.(((((((((((....))))))))))).)..)))))),CUAGGAUAUGGAAGUCUAGUGGGAACACUAGACUUCCUAAGUCCUAG,(((((((..((((((((((((....))))))))))))...))))))),-9.16025216239
CUAGGAAUCUGGAAGACCGAGGAAACUCGGUCUUCCUGUGUCCUAG,((((((..(.(((((((((((....))))))))))).)..)))))),CUAGGAUAUGGAAGUCAAGUGGGAACACUUGACUUCCUAAGUCCUAG,(((((((..((((((((((((....))))))))))))...))))))),-9.09310403769
CUAGGAAUCUGGAAGACCGAGGAAACUCGGUCUUCCUGUGUCCUAG,((((((..(.(((((((((((....))))))))))).)..)))))),CUAGGAUAUGGAAGUCCAGUGGGAACACUGGACUUCCUAAGUCCUAG,(((((((..((((((((((((....))))))))))))...))))))),-8.65171899167
CUAGGAAUCUGGAAGACCGAGGAAACUCGGUCUUCCUGUGUCCUAG,((((((..(.(((((((((((....))))))))))).)..)))))),CUAGGAUAUGGAAGUCGAGUGGGAACACUCGACUUCCUAAGUCCUAG,(((((((..((((((((((((....))))))))))))...))))))),-9.47493985916
CUAGGAAUCUGGAAGACCGAGGAAACUCGGUCUUCCUGUGUCCUAG,((((((..(.(((((((((((....))))))))))).)..)))))),CUAGGAUAUGGAAGUCUCGUGGGAACACGAGACUUCCUAAGUCCUAG,(((((((..((((((((((((....))))))))))))...))))))),-8.53979076332
CUAGGAAUCUGGAAGACCGAGGAAACUCGGUCUUCCUGUGUCCUAG,((((((..(.(((((((((((....))))))))))).)..)))))),CUAGGAUAUGGAAGUCACGUGGGAACACGUGACUUCCUAAGUCCUAG,(((((((..((((((((((((....))))))))))))...))))))),-8.89402524395
CUAGGAAUCUGGAAGACCGAGGAAACUCGGUCUUCCUGUGUCCUAG,((((((..(.(((((((((((....))))))))))).)..)))))),CUAGGAUAUGGAAGUCCCGUGGGAACACGGGACUUCCUAAGUCCUAG,(((((((..((((((((((((....))))))))))))...))))))),-8.68173630587
CUAGGAAUCUGGAAGACCGAGGAAACUCGGUCUUCCUGUGUCCUAG,((((((..(.(((((((((((....))))))))))).)..)))))),CUAGGAUAUGGAAGUCCGGUGGGAACACCGGACUUCCUAAGUCCUAG,(((((((..((((((((((((....))))))))))))...))))))),-9.05150771378
CUAGGAAUCUGGAAGACCGAGGAAACUCGGUCUUCCUGUGUCCUAG,((((((..(.(((((((((((....))))))))))).)..)))))),CUAGGAUAUGGAAGUGUUCUGGGAACAGAACACUUCCUAAGUCCUAG,(((((((..((((((((((((....))))))))))))...))))))),-8.44587223583
CUAGGAAUCUGGAAGACCGAGGAAACUCGGUCUUCCUGUGUCCUAG,((((((..(.(((((((((((....))))))))))).)..)))))),CUAGGAUAUGGAAGUGAUCUGGGAACAGAUCACUUCCUAAGUCCUAG,(((((((..((((((((((((....))))))))))))...))))))),-8.77184197565
CUAGGAAUCUGGAAGACCGAGGAAACUCGGUCUUCCUGUGUCCUAG,((((((..(.(((((((((((....))))))))))).)..)))))),CUAGGAUAUGGAAGUGCUCUGGGAACAGAGCACUUCCUAAGUCCUAG,(((((((..((((((((((((....))))))))))))...))))))),-8.33776830012
CUAGGAAUCUGGAAGACCGAGGAAACUCGGUCUUCCUGUGUCCUAG,((((((..(.(((((((((((....))))))))))).)..)))))),CUAGGAUAUGGAAGUGGUCUGGGAACAGACCACUUCCUAAGUCCUAG,(((((((..((((((((((((....))))))))))))...))))))),-8.87346376891
CUAGGAAUCUGGAAGACCGAGGAAACUCGGUCUUCCUGUGUCCUAG,((((((..(.(((((((((((....))))))))))).)..)))))),CUAGGAUAUGGAAGUGUACUGGGAACAGUACACUUCCUAAGUCCUAG,(((((((..((((((((((((....))))))))))))...))))))),-8.71825133535
CUAGGAAUCUGGAAGACCGAGGAAACUCGGUCUUCCUGUGUCCUAG,((((((..(.(((((((((((....))))))))))).)..)))))),CUAGGAUAUGGAAGUGAACUGGGAACAGUUCACUUCCUAAGUCCUAG,(((((((..((((((((((((....))))))))))))...))))))),-8.49592182709
CUAGGAAUCUGGAAGACCGAGGAAACUCGGUCUUCCUGUGUCCUAG,((((((..(.(((((((((((....))))))))))).)..)))))),CUAGGAUAUGGAAGUGCACUGGGAACAGUGCACUUCCUAAGUCCUAG,(((((((..((((((((((((....))))))))))))...))))))),-8.44483515276
CUAGGAAUCUGGAAGACCGAGGAAACUCGGUCUUCCUGUGUCCUAG,((((((..(.(((((((((((....))))))))))).)..)))))),CUAGGAUAUGGAAGUGUCCUGGGAACAGGACACUUCCUAAGUCCUAG,(((((((..((((((((((((....))))))))))))...))))))),-8.17825918726
CUAGGAAUCUGGAAGACCGAGGAAACUCGGUCUUCCUGUGUCCUAG,((((((..(.(((((((((((....))))))))))).)..)))))),CUAGGAUAUGGAAGUGACCUGGGAACAGGUCACUUCCUAAGUCCUAG,(((((((..((((((((((((....))))))))))))...))))))),-8.35641465784
CUAGGAAUCUGGAAGACCGAGGAAACUCGGUCUUCCUGUGUCCUAG,((((((..(.(((((((((((....))))))))))).)..)))))),CUAGGAUAUGGAAGUGCCCUGGGAACAGGGCACUUCCUAAGUCCUAG,(((((((..((((((((((((....))))))))))))...))))))),-8.37838562959
CUAGGAAUCUGGAAGACCGAGGAAACUCGGUCUUCCUGUGUCCUAG,((((((..(.(((((((((((....))))))))))).)..)))))),CUAGGAUAUGGAAGUGGCCUGGGAACAGGCCACUUCCUAAGUCCUAG,(((((((..((((((((((((....))))))))))))...))))))),-8.73453356541
CUAGGAAUCUGGAAGACCGAGGAAACUCGGUCUUCCUGUGUCCUAG,((((((..(.(((((((((((....))))))))))).)..)))))),CUAGGAUAUGGAAGUGUGCUGGGAACAGCACACUUCCUAAGUCCUAG,(((((((..((((((((((((....))))))))))))...))))))),-8.70294049606
CUAGGAAUCUGGAAGACCGAGGAAACUCGGUCUUCCUGUGUCCUAG,((((((..(.(((((((((((....))))))))))).)..)))))),CUAGGAUAUGGAAGUGAGCUGGGAACAGCUCACUUCCUAAGUCCUAG,(((((((..((((((((((((....))))))))))))...))))))),-8.87586179295
